product name,path
AC Milan Jersey,images/footballassets/AC_Milan_Jersey/img2.jpeg
AC Milan Jersey,images/footballassets/AC_Milan_Jersey/img0.jpeg
AC Milan Jersey,images/footballassets/AC_Milan_Jersey/img1.jpeg
Adidas Copa Zone Cushion Socks,images/footballassets/Adidas_Copa_Zone_Cushion_Socks/img2.jpeg
Adidas Copa Zone Cushion Socks,images/footballassets/Adidas_Copa_Zone_Cushion_Socks/img0.jpeg
Adidas Copa Zone Cushion Socks,images/footballassets/Adidas_Copa_Zone_Cushion_Socks/img1.jpeg
Adidas Predator Freak,images/footballassets/Adidas_Predator_Freak/img2.jpeg
Adidas Predator Freak,images/footballassets/Adidas_Predator_Freak/img0.jpeg
Adidas Predator Pro,images/footballassets/Adidas_Predator_Pro/img2.jpeg
Adidas Predator Pro,images/footballassets/Adidas_Predator_Pro/img0.jpeg
Adidas Predator Pro,images/footballassets/Adidas_Predator_Pro/img1.jpeg
Adidas Stadium Team Backpack,images/footballassets/Adidas_Stadium_Team_Backpack/img2.jpeg
Adidas Stadium Team Backpack,images/footballassets/Adidas_Stadium_Team_Backpack/img0.jpeg
Adidas Stadium Team Backpack,images/footballassets/Adidas_Stadium_Team_Backpack/img1.jpeg
Adidas Tango Soccer Ball,images/footballassets/Adidas_Tango_Soccer_Ball/img0.jpeg
Adidas Tango Soccer Ball,images/footballassets/Adidas_Tango_Soccer_Ball/img1.jpeg
Agility Ladder,images/footballassets/Agility_Ladder/img2.jpeg
Agility Ladder,images/footballassets/Agility_Ladder/img0.jpeg
Agility Ladder,images/footballassets/Agility_Ladder/img1.jpeg
Ajax Amsterdam Jersey,images/footballassets/Ajax_Amsterdam_Jersey/img0.jpeg
Ajax Amsterdam Jersey,images/footballassets/Ajax_Amsterdam_Jersey/img1.jpeg
Algeria National Team Jersey,images/footballassets/Algeria_National_Team_Jersey/img2.jpeg
Algeria National Team Jersey,images/footballassets/Algeria_National_Team_Jersey/img0.jpeg
Algeria National Team Jersey,images/footballassets/Algeria_National_Team_Jersey/img1.png
Argentina National Team Jersey,images/footballassets/Argentina_National_Team_Jersey/img2.jpeg
Argentina National Team Jersey,images/footballassets/Argentina_National_Team_Jersey/img0.jpeg
Argentina National Team Jersey,images/footballassets/Argentina_National_Team_Jersey/img1.jpeg
Atletico Madrid Jersey,images/footballassets/Atletico_Madrid_Jersey/img0.jpeg
Atletico Madrid Jersey,images/footballassets/Atletico_Madrid_Jersey/img1.jpeg
Australia National Team Jersey,images/footballassets/Australia_National_Team_Jersey/img0.jpeg
Australia National Team Jersey,images/footballassets/Australia_National_Team_Jersey/img1.jpeg
Australia National Team Jersey,images/footballassets/Australia_National_Team_Jersey/img2.png
Barcelona Jersey,images/footballassets/Barcelona_Jersey/img2.jpeg
Barcelona Jersey,images/footballassets/Barcelona_Jersey/img0.jpeg
Barcelona Jersey,images/footballassets/Barcelona_Jersey/img1.jpeg
Belgium National Team Jersey,images/footballassets/Belgium_National_Team_Jersey/img0.jpeg
Belgium National Team Jersey,images/footballassets/Belgium_National_Team_Jersey/img1.jpeg
Borussia Dortmund Jersey,images/footballassets/Borussia_Dortmund_Jersey/img0.jpeg
Borussia Dortmund Jersey,images/footballassets/Borussia_Dortmund_Jersey/img1.jpeg
Brazil National Team Jersey,images/footballassets/Brazil_National_Team_Jersey/img2.jpeg
Brazil National Team Jersey,images/footballassets/Brazil_National_Team_Jersey/img0.jpeg
Brazil National Team Jersey,images/footballassets/Brazil_National_Team_Jersey/img1.jpeg
Bundesliga Match Ball,images/footballassets/Bundesliga_Match_Ball/img2.jpeg
Bundesliga Match Ball,images/footballassets/Bundesliga_Match_Ball/img0.jpeg
Bundesliga Match Ball,images/footballassets/Bundesliga_Match_Ball/img1.png
Cameroon National Team Jersey,images/footballassets/Cameroon_National_Team_Jersey/img2.jpeg
Cameroon National Team Jersey,images/footballassets/Cameroon_National_Team_Jersey/img0.jpeg
Cameroon National Team Jersey,images/footballassets/Cameroon_National_Team_Jersey/img1.jpeg
Chelsea Jersey,images/footballassets/Chelsea_Jersey/img0.jpeg
Chelsea Jersey,images/footballassets/Chelsea_Jersey/img1.jpeg
Colombia National Team Jersey,images/footballassets/Colombia_National_Team_Jersey/img2.jpeg
Colombia National Team Jersey,images/footballassets/Colombia_National_Team_Jersey/img0.jpeg
Colombia National Team Jersey,images/footballassets/Colombia_National_Team_Jersey/img1.jpeg
Croatia National Team Jersey,images/footballassets/Croatia_National_Team_Jersey/img0.jpeg
Croatia National Team Jersey,images/footballassets/Croatia_National_Team_Jersey/img1.jpeg
EPL Match Ball,images/footballassets/EPL_Match_Ball/img0.png
EPL Match Ball,images/footballassets/EPL_Match_Ball/img1.png
Egypt National Team Jersey,images/footballassets/Egypt_National_Team_Jersey/img2.jpeg
Egypt National Team Jersey,images/footballassets/Egypt_National_Team_Jersey/img0.jpeg
Egypt National Team Jersey,images/footballassets/Egypt_National_Team_Jersey/img1.jpeg
England National Team Jersey,images/footballassets/England_National_Team_Jersey/img2.jpeg
England National Team Jersey,images/footballassets/England_National_Team_Jersey/img0.jpeg
England National Team Jersey,images/footballassets/England_National_Team_Jersey/img1.jpeg
Everton Jersey,images/footballassets/Everton_Jersey/img2.jpeg
Everton Jersey,images/footballassets/Everton_Jersey/img0.jpeg
Everton Jersey,images/footballassets/Everton_Jersey/img1.jpeg
FC Bayern Munich Jersey,images/footballassets/FC_Bayern_Munich_Jersey/img0.jpeg
France National Team Jersey,images/footballassets/France_National_Team_Jersey/img0.jpeg
France National Team Jersey,images/footballassets/France_National_Team_Jersey/img1.jpeg
Germany National Team Jersey,images/footballassets/Germany_National_Team_Jersey/img2.jpeg
Germany National Team Jersey,images/footballassets/Germany_National_Team_Jersey/img0.jpeg
Germany National Team Jersey,images/footballassets/Germany_National_Team_Jersey/img1.jpeg
Ghana National Team Jersey,images/footballassets/Ghana_National_Team_Jersey/img2.jpeg
Ghana National Team Jersey,images/footballassets/Ghana_National_Team_Jersey/img0.jpeg
Ghana National Team Jersey,images/footballassets/Ghana_National_Team_Jersey/img1.jpeg
Indonesian Liga 1 Ball,images/footballassets/Indonesian_Liga_1_Ball/img2.jpeg
Indonesian Liga 1 Ball,images/footballassets/Indonesian_Liga_1_Ball/img1.jpeg
Indonesian Liga 1 Ball,images/footballassets/Indonesian_Liga_1_Ball/img0.png
Indonesian National Team Jersey,images/footballassets/Indonesian_National_Team_Jersey/img2.jpeg
Indonesian National Team Jersey,images/footballassets/Indonesian_National_Team_Jersey/img1.jpeg
Inter Milan Jersey,images/footballassets/Inter_Milan_Jersey/img0.jpeg
Inter Milan Jersey,images/footballassets/Inter_Milan_Jersey/img1.jpeg
Italy National Team Jersey,images/footballassets/Italy_National_Team_Jersey/img0.jpeg
Italy National Team Jersey,images/footballassets/Italy_National_Team_Jersey/img1.jpeg
Italy National Team Jersey,images/footballassets/Italy_National_Team_Jersey/img2.png
Ivory Coast National Team Jersey,images/footballassets/Ivory_Coast_National_Team_Jersey/img2.jpeg
Ivory Coast National Team Jersey,images/footballassets/Ivory_Coast_National_Team_Jersey/img1.jpeg
Ivory Coast National Team Jersey,images/footballassets/Ivory_Coast_National_Team_Jersey/img0.png
Japan National Team Jersey,images/footballassets/Japan_National_Team_Jersey/img2.jpeg
Japan National Team Jersey,images/footballassets/Japan_National_Team_Jersey/img0.jpeg
Japan National Team Jersey,images/footballassets/Japan_National_Team_Jersey/img1.jpeg
Juventus Jersey,images/footballassets/Juventus_Jersey/img0.jpeg
La Liga Match Ball,images/footballassets/La_Liga_Match_Ball/img2.jpeg
La Liga Match Ball,images/footballassets/La_Liga_Match_Ball/img0.jpeg
La Liga Match Ball,images/footballassets/La_Liga_Match_Ball/img1.jpeg
Ligue 1 Match Ball,images/footballassets/Ligue_1_Match_Ball/img0.jpeg
Ligue 1 Match Ball,images/footballassets/Ligue_1_Match_Ball/img1.jpeg
Liverpool Jersey,images/footballassets/Liverpool_Jersey/img2.jpeg
Liverpool Jersey,images/footballassets/Liverpool_Jersey/img0.jpeg
Liverpool Jersey,images/footballassets/Liverpool_Jersey/img1.png
Manchester City Jersey,images/footballassets/Manchester_City_Jersey/img2.jpeg
Manchester City Jersey,images/footballassets/Manchester_City_Jersey/img0.jpeg
Manchester City Jersey,images/footballassets/Manchester_City_Jersey/img1.jpeg
Manchester United Jersey,images/footballassets/Manchester_United_Jersey/img2.jpeg
Manchester United Jersey,images/footballassets/Manchester_United_Jersey/img0.jpeg
Manchester United Jersey,images/footballassets/Manchester_United_Jersey/img1.jpeg
Mastering Dribbling,images/footballassets/Mastering_Dribbling/img2.jpeg
Mastering Dribbling,images/footballassets/Mastering_Dribbling/img0.jpeg
Mastering Dribbling,images/footballassets/Mastering_Dribbling/img1.png
Mexico National Team Jersey,images/footballassets/Mexico_National_Team_Jersey/img2.jpeg
Mexico National Team Jersey,images/footballassets/Mexico_National_Team_Jersey/img0.jpeg
Mexico National Team Jersey,images/footballassets/Mexico_National_Team_Jersey/img1.png
Mizuno Morelia Neo,images/footballassets/Mizuno_Morelia_Neo/img2.jpeg
Mizuno Morelia Neo,images/footballassets/Mizuno_Morelia_Neo/img0.jpeg
Mizuno Morelia Neo,images/footballassets/Mizuno_Morelia_Neo/img1.jpeg
Morocco National Team Jersey,images/footballassets/Morocco_National_Team_Jersey/img2.jpeg
Morocco National Team Jersey,images/footballassets/Morocco_National_Team_Jersey/img1.jpeg
Morocco National Team Jersey,images/footballassets/Morocco_National_Team_Jersey/img0.png
Netherlands National Team Jersey,images/footballassets/Netherlands_National_Team_Jersey/img2.jpeg
Netherlands National Team Jersey,images/footballassets/Netherlands_National_Team_Jersey/img1.jpeg
Netherlands National Team Jersey,images/footballassets/Netherlands_National_Team_Jersey/img0.png
New Balance Furon,images/footballassets/New_Balance_Furon/img0.jpeg
New Balance Furon,images/footballassets/New_Balance_Furon/img1.jpeg
New Balance Furon,images/footballassets/New_Balance_Furon/img2.png
Nigeria National Team Jersey,images/footballassets/Nigeria_National_Team_Jersey/img0.jpeg
Nigeria National Team Jersey,images/footballassets/Nigeria_National_Team_Jersey/img1.jpeg
Nike Classic Socks,images/footballassets/Nike_Classic_Socks/img2.jpeg
Nike Classic Socks,images/footballassets/Nike_Classic_Socks/img0.jpeg
Nike Classic Socks,images/footballassets/Nike_Classic_Socks/img1.jpeg
Nike Club Team Backpack,images/footballassets/Nike_Club_Team_Backpack/img2.jpeg
Nike Club Team Backpack,images/footballassets/Nike_Club_Team_Backpack/img0.jpeg
Nike Club Team Backpack,images/footballassets/Nike_Club_Team_Backpack/img1.jpeg
Nike Mercurial Superfly,images/footballassets/Nike_Mercurial_Superfly/img2.jpeg
Nike Mercurial Superfly,images/footballassets/Nike_Mercurial_Superfly/img0.jpeg
Nike Mercurial Superfly,images/footballassets/Nike_Mercurial_Superfly/img1.jpeg
Nike Park Shorts,images/footballassets/Nike_Park_Shorts/img2.jpeg
Nike Park Shorts,images/footballassets/Nike_Park_Shorts/img0.jpeg
Nike Park Shorts,images/footballassets/Nike_Park_Shorts/img1.png
Nike Strike Soccer Ball,images/footballassets/Nike_Strike_Soccer_Ball/img2.jpeg
Nike Strike Soccer Ball,images/footballassets/Nike_Strike_Soccer_Ball/img0.jpeg
Nike Strike Soccer Ball,images/footballassets/Nike_Strike_Soccer_Ball/img1.jpeg
Nike Vapor Grip3,images/footballassets/Nike_Vapor_Grip3/img2.jpeg
Nike Vapor Grip3,images/footballassets/Nike_Vapor_Grip3/img0.jpeg
Nike Vapor Grip3,images/footballassets/Nike_Vapor_Grip3/img1.jpeg
Official FIFA World Cup Ball,images/footballassets/Official_FIFA_World_Cup_Ball/img2.jpeg
Official FIFA World Cup Ball,images/footballassets/Official_FIFA_World_Cup_Ball/img0.jpeg
Official FIFA World Cup Ball,images/footballassets/Official_FIFA_World_Cup_Ball/img1.jpeg
Paris Saint-Germain Jersey,images/footballassets/Paris_Saint-Germain_Jersey/img0.jpeg
Paris Saint-Germain Jersey,images/footballassets/Paris_Saint-Germain_Jersey/img1.jpeg
Portugal National Team Jersey,images/footballassets/Portugal_National_Team_Jersey/img2.jpeg
Portugal National Team Jersey,images/footballassets/Portugal_National_Team_Jersey/img0.jpeg
Portugal National Team Jersey,images/footballassets/Portugal_National_Team_Jersey/img1.jpeg
Puma Future Shorts,images/footballassets/Puma_Future_Shorts/img0.jpeg
Puma Future Shorts,images/footballassets/Puma_Future_Shorts/img1.jpeg
Puma Future Soccer Shoes,images/footballassets/Puma_Future_Soccer_Shoes/img2.jpeg
Puma Future Soccer Shoes,images/footballassets/Puma_Future_Soccer_Shoes/img0.jpeg
Puma Future Soccer Shoes,images/footballassets/Puma_Future_Soccer_Shoes/img1.jpeg
Puma Pro Training Duffel,images/footballassets/Puma_Pro_Training_Duffel/img1.jpeg
Puma Team Socks,images/footballassets/Puma_Team_Socks/img2.jpeg
Puma Team Socks,images/footballassets/Puma_Team_Socks/img0.jpeg
Puma Team Socks,images/footballassets/Puma_Team_Socks/img1.jpeg
Real Madrid Jersey,images/footballassets/Real_Madrid_Jersey/img0.jpeg
Resistance Bands Set,images/footballassets/Resistance_Bands_Set/img2.jpeg
Resistance Bands Set,images/footballassets/Resistance_Bands_Set/img0.jpeg
Resistance Bands Set,images/footballassets/Resistance_Bands_Set/img1.jpeg
Reusch Prisma Pro G3,images/footballassets/Reusch_Prisma_Pro_G3/img2.jpeg
Reusch Prisma Pro G3,images/footballassets/Reusch_Prisma_Pro_G3/img0.jpeg
Reusch Prisma Pro G3,images/footballassets/Reusch_Prisma_Pro_G3/img1.png
Roma Jersey,images/footballassets/Roma_Jersey/img1.jpeg
Roma Jersey,images/footballassets/Roma_Jersey/img0.png
Saudi Arabia National Team Jersey,images/footballassets/Saudi_Arabia_National_Team_Jersey/img1.jpeg
Saudi Arabia National Team Jersey,images/footballassets/Saudi_Arabia_National_Team_Jersey/img0.png
Select Sport Royale Ball Bag,images/footballassets/Select_Sport_Royale_Ball_Bag/img2.jpeg
Select Sport Royale Ball Bag,images/footballassets/Select_Sport_Royale_Ball_Bag/img0.jpeg
Select Sport Royale Ball Bag,images/footballassets/Select_Sport_Royale_Ball_Bag/img1.jpeg
Senegal National Team Jersey,images/footballassets/Senegal_National_Team_Jersey/img0.jpeg
Senegal National Team Jersey,images/footballassets/Senegal_National_Team_Jersey/img1.jpeg
Senegal National Team Jersey,images/footballassets/Senegal_National_Team_Jersey/img2.png
Serie A Match Ball,images/footballassets/Serie_A_Match_Ball/img2.jpeg
Serie A Match Ball,images/footballassets/Serie_A_Match_Ball/img0.jpeg
Serie A Match Ball,images/footballassets/Serie_A_Match_Ball/img1.jpeg
Soccer Skills Training Book,images/footballassets/Soccer_Skills_Training_Book/img2.jpeg
Soccer Skills Training Book,images/footballassets/Soccer_Skills_Training_Book/img0.jpeg
Soccer Skills Training Book,images/footballassets/Soccer_Skills_Training_Book/img1.jpeg
South Africa National Team Jersey,images/footballassets/South_Africa_National_Team_Jersey/img2.jpeg
South Africa National Team Jersey,images/footballassets/South_Africa_National_Team_Jersey/img0.jpeg
South Africa National Team Jersey,images/footballassets/South_Africa_National_Team_Jersey/img1.jpeg
South Korea National Team Jersey,images/footballassets/South_Korea_National_Team_Jersey/img1.jpeg
South Korea National Team Jersey,images/footballassets/South_Korea_National_Team_Jersey/img0.png
Spain National Team Jersey,images/footballassets/Spain_National_Team_Jersey/img0.jpeg
Spain National Team Jersey,images/footballassets/Spain_National_Team_Jersey/img1.jpeg
Speed Training Cones,images/footballassets/Speed_Training_Cones/img0.jpeg
Speed Training Cones,images/footballassets/Speed_Training_Cones/img1.jpeg
Sweden National Team Jersey,images/footballassets/Sweden_National_Team_Jersey/img2.jpeg
Sweden National Team Jersey,images/footballassets/Sweden_National_Team_Jersey/img0.jpeg
Sweden National Team Jersey,images/footballassets/Sweden_National_Team_Jersey/img1.jpeg
Switzerland National Team Jersey,images/footballassets/Switzerland_National_Team_Jersey/img0.jpeg
Switzerland National Team Jersey,images/footballassets/Switzerland_National_Team_Jersey/img1.jpeg
Tactical Guide to Soccer,images/footballassets/Tactical_Guide_to_Soccer/img0.jpeg
Tactical Guide to Soccer,images/footballassets/Tactical_Guide_to_Soccer/img1.jpeg
Tactical Guide to Soccer,images/footballassets/Tactical_Guide_to_Soccer/img2.png
The Art of Shooting,images/footballassets/The_Art_of_Shooting/img2.jpeg
The Art of Shooting,images/footballassets/The_Art_of_Shooting/img0.jpeg
The Art of Shooting,images/footballassets/The_Art_of_Shooting/img1.jpeg
Tottenham Hotspur Jersey,images/footballassets/Tottenham_Hotspur_Jersey/img2.jpeg
Tottenham Hotspur Jersey,images/footballassets/Tottenham_Hotspur_Jersey/img0.jpeg
Tottenham Hotspur Jersey,images/footballassets/Tottenham_Hotspur_Jersey/img1.jpeg
Tunisia National Team Jersey,images/footballassets/Tunisia_National_Team_Jersey/img2.jpeg
Tunisia National Team Jersey,images/footballassets/Tunisia_National_Team_Jersey/img0.jpeg
Tunisia National Team Jersey,images/footballassets/Tunisia_National_Team_Jersey/img1.png
Turkey National Team Jersey,images/footballassets/Turkey_National_Team_Jersey/img2.jpeg
Turkey National Team Jersey,images/footballassets/Turkey_National_Team_Jersey/img0.jpeg
Turkey National Team Jersey,images/footballassets/Turkey_National_Team_Jersey/img1.jpeg
UEFA Champions League Ball,images/footballassets/UEFA_Champions_League_Ball/img0.jpeg
UEFA Champions League Ball,images/footballassets/UEFA_Champions_League_Ball/img1.png
UEFA Euro 2020 Ball,images/footballassets/UEFA_Euro_2020_Ball/img0.jpeg
UEFA Euro 2020 Ball,images/footballassets/UEFA_Euro_2020_Ball/img1.jpeg
Uhlsport Eliminator,images/footballassets/Uhlsport_Eliminator/img0.jpeg
Uhlsport Eliminator,images/footballassets/Uhlsport_Eliminator/img2.png
Uhlsport Eliminator,images/footballassets/Uhlsport_Eliminator/img1.png
Under Armour Magnetico,images/footballassets/Under_Armour_Magnetico/img2.jpeg
Under Armour Magnetico,images/footballassets/Under_Armour_Magnetico/img0.jpeg
Under Armour Magnetico,images/footballassets/Under_Armour_Magnetico/img1.jpeg
Uruguay National Team Jersey,images/footballassets/Uruguay_National_Team_Jersey/img0.jpeg
Valencia Jersey,images/footballassets/Valencia_Jersey/img2.jpeg
Valencia Jersey,images/footballassets/Valencia_Jersey/img0.jpeg
Valencia Jersey,images/footballassets/Valencia_Jersey/img1.jpeg
West Ham United Jersey,images/footballassets/West_Ham_United_Jersey/img2.jpeg
West Ham United Jersey,images/footballassets/West_Ham_United_Jersey/img0.jpeg
West Ham United Jersey,images/footballassets/West_Ham_United_Jersey/img1.jpeg